field_id,date,ndvi
F001,2025-09-21,0.641
F001,2025-09-22,0.642
F001,2025-09-23,0.665
F001,2025-09-24,0.629
F001,2025-09-25,0.655
F001,2025-09-26,0.659
F001,2025-09-27,0.679
F001,2025-09-28,0.67
F001,2025-09-29,0.645
F001,2025-09-30,0.657
F001,2025-10-01,0.662
F001,2025-10-02,0.676
F001,2025-10-03,0.611
F001,2025-10-04,0.638
F001,2025-10-05,0.67
F001,2025-10-06,0.661
F001,2025-10-07,0.642
F001,2025-10-08,0.644
F001,2025-10-09,0.675
F001,2025-10-10,0.65
F001,2025-10-11,0.634
F001,2025-10-12,0.654
F001,2025-10-13,0.66
F001,2025-10-14,0.623
F001,2025-10-15,0.653
F001,2025-10-16,0.654
F001,2025-10-17,0.663
F001,2025-10-18,0.645
F001,2025-10-19,0.653
F001,2025-10-20,0.648
F002,2025-09-21,0.529
F002,2025-09-22,0.559
F002,2025-09-23,0.548
F002,2025-09-24,0.552
F002,2025-09-25,0.551
F002,2025-09-26,0.557
F002,2025-09-27,0.57
F002,2025-09-28,0.563
F002,2025-09-29,0.537
F002,2025-09-30,0.555
F002,2025-10-01,0.576
F002,2025-10-02,0.566
F002,2025-10-03,0.533
F002,2025-10-04,0.553
F002,2025-10-05,0.584
F002,2025-10-06,0.546
F002,2025-10-07,0.549
F002,2025-10-08,0.509
F002,2025-10-09,0.565
F002,2025-10-10,0.55
F002,2025-10-11,0.535
F002,2025-10-12,0.605
F002,2025-10-13,0.563
F002,2025-10-14,0.555
F002,2025-10-15,0.55
F002,2025-10-16,0.537
F002,2025-10-17,0.518
F002,2025-10-18,0.553
F002,2025-10-19,0.545
F002,2025-10-20,0.532
F003,2025-09-21,0.668
F003,2025-09-22,0.648
F003,2025-09-23,0.62
F003,2025-09-24,0.637
F003,2025-09-25,0.647
F003,2025-09-26,0.671
F003,2025-09-27,0.607
F003,2025-09-28,0.655
F003,2025-09-29,0.643
F003,2025-09-30,0.651
F003,2025-10-01,0.659
F003,2025-10-02,0.64
F003,2025-10-03,0.652
F003,2025-10-04,0.653
F003,2025-10-05,0.658
F003,2025-10-06,0.647
F003,2025-10-07,0.621
F003,2025-10-08,0.626
F003,2025-10-09,0.671
F003,2025-10-10,0.654
F003,2025-10-11,0.703
F003,2025-10-12,0.663
F003,2025-10-13,0.661
F003,2025-10-14,0.691
F003,2025-10-15,0.653
F003,2025-10-16,0.656
F003,2025-10-17,0.664
F003,2025-10-18,0.671
F003,2025-10-19,0.636
F003,2025-10-20,0.66
F004,2025-09-21,0.637
F004,2025-09-22,0.602
F004,2025-09-23,0.654
F004,2025-09-24,0.643
F004,2025-09-25,0.652
F004,2025-09-26,0.646
F004,2025-09-27,0.591
F004,2025-09-28,0.645
F004,2025-09-29,0.658
F004,2025-09-30,0.639
F004,2025-10-01,0.66
F004,2025-10-02,0.664
F004,2025-10-03,0.665
F004,2025-10-04,0.659
F004,2025-10-05,0.632
F004,2025-10-06,0.617
F004,2025-10-07,0.644
F004,2025-10-08,0.662
F004,2025-10-09,0.634
F004,2025-10-10,0.652
F004,2025-10-11,0.635
F004,2025-10-12,0.637
F004,2025-10-13,0.646
F004,2025-10-14,0.647
F004,2025-10-15,0.656
F004,2025-10-16,0.657
F004,2025-10-17,0.637
F004,2025-10-18,0.666
F004,2025-10-19,0.655
F004,2025-10-20,0.658
F005,2025-09-21,0.517
F005,2025-09-22,0.519
F005,2025-09-23,0.498
F005,2025-09-24,0.54
F005,2025-09-25,0.519
F005,2025-09-26,0.484
F005,2025-09-27,0.504
F005,2025-09-28,0.494
F005,2025-09-29,0.491
F005,2025-09-30,0.489
F005,2025-10-01,0.525
F005,2025-10-02,0.512
F005,2025-10-03,0.495
F005,2025-10-04,0.469
F005,2025-10-05,0.525
F005,2025-10-06,0.476
F005,2025-10-07,0.504
F005,2025-10-08,0.489
F005,2025-10-09,0.465
F005,2025-10-10,0.495
F005,2025-10-11,0.516
F005,2025-10-12,0.495
F005,2025-10-13,0.504
F005,2025-10-14,0.514
F005,2025-10-15,0.504
F005,2025-10-16,0.531
F005,2025-10-17,0.473
F005,2025-10-18,0.505
F005,2025-10-19,0.481
F005,2025-10-20,0.467
F006,2025-09-21,0.644
F006,2025-09-22,0.628
F006,2025-09-23,0.618
F006,2025-09-24,0.639
F006,2025-09-25,0.646
F006,2025-09-26,0.639
F006,2025-09-27,0.622
F006,2025-09-28,0.659
F006,2025-09-29,0.618
F006,2025-09-30,0.636
F006,2025-10-01,0.659
F006,2025-10-02,0.648
F006,2025-10-03,0.664
F006,2025-10-04,0.655
F006,2025-10-05,0.644
F006,2025-10-06,0.662
F006,2025-10-07,0.625
F006,2025-10-08,0.659
F006,2025-10-09,0.641
F006,2025-10-10,0.634
F006,2025-10-11,0.665
F006,2025-10-12,0.623
F006,2025-10-13,0.613
F006,2025-10-14,0.658
F006,2025-10-15,0.626
F006,2025-10-16,0.619
F006,2025-10-17,0.642
F006,2025-10-18,0.619
F006,2025-10-19,0.682
F006,2025-10-20,0.666
F007,2025-09-21,0.488
F007,2025-09-22,0.497
F007,2025-09-23,0.548
F007,2025-09-24,0.527
F007,2025-09-25,0.52
F007,2025-09-26,0.488
F007,2025-09-27,0.478
F007,2025-09-28,0.517
F007,2025-09-29,0.483
F007,2025-09-30,0.472
F007,2025-10-01,0.477
F007,2025-10-02,0.53
F007,2025-10-03,0.503
F007,2025-10-04,0.494
F007,2025-10-05,0.503
F007,2025-10-06,0.529
F007,2025-10-07,0.476
F007,2025-10-08,0.492
F007,2025-10-09,0.513
F007,2025-10-10,0.506
F007,2025-10-11,0.533
F007,2025-10-12,0.526
F007,2025-10-13,0.496
F007,2025-10-14,0.506
F007,2025-10-15,0.507
F007,2025-10-16,0.558
F007,2025-10-17,0.539
F007,2025-10-18,0.461
F007,2025-10-19,0.505
F007,2025-10-20,0.52
F008,2025-09-21,0.541
F008,2025-09-22,0.553
F008,2025-09-23,0.526
F008,2025-09-24,0.542
F008,2025-09-25,0.54
F008,2025-09-26,0.535
F008,2025-09-27,0.538
F008,2025-09-28,0.531
F008,2025-09-29,0.537
F008,2025-09-30,0.53
F008,2025-10-01,0.558
F008,2025-10-02,0.545
F008,2025-10-03,0.575
F008,2025-10-04,0.527
F008,2025-10-05,0.569
F008,2025-10-06,0.555
F008,2025-10-07,0.556
F008,2025-10-08,0.573
F008,2025-10-09,0.545
F008,2025-10-10,0.549
F008,2025-10-11,0.558
F008,2025-10-12,0.547
F008,2025-10-13,0.554
F008,2025-10-14,0.518
F008,2025-10-15,0.548
F008,2025-10-16,0.564
F008,2025-10-17,0.561
F008,2025-10-18,0.536
F008,2025-10-19,0.544
F008,2025-10-20,0.555
F009,2025-09-21,0.499
F009,2025-09-22,0.528
F009,2025-09-23,0.527
F009,2025-09-24,0.533
F009,2025-09-25,0.48
F009,2025-09-26,0.497
F009,2025-09-27,0.502
F009,2025-09-28,0.519
F009,2025-09-29,0.495
F009,2025-09-30,0.516
F009,2025-10-01,0.483
F009,2025-10-02,0.503
F009,2025-10-03,0.512
F009,2025-10-04,0.484
F009,2025-10-05,0.494
F009,2025-10-06,0.521
F009,2025-10-07,0.504
F009,2025-10-08,0.479
F009,2025-10-09,0.463
F009,2025-10-10,0.53
F009,2025-10-11,0.491
F009,2025-10-12,0.503
F009,2025-10-13,0.511
F009,2025-10-14,0.507
F009,2025-10-15,0.537
F009,2025-10-16,0.48
F009,2025-10-17,0.482
F009,2025-10-18,0.531
F009,2025-10-19,0.49
F009,2025-10-20,0.534
F010,2025-09-21,0.463
F010,2025-09-22,0.471
F010,2025-09-23,0.445
F010,2025-09-24,0.455
F010,2025-09-25,0.443
F010,2025-09-26,0.449
F010,2025-09-27,0.423
F010,2025-09-28,0.453
F010,2025-09-29,0.466
F010,2025-09-30,0.448
F010,2025-10-01,0.466
F010,2025-10-02,0.447
F010,2025-10-03,0.463
F010,2025-10-04,0.471
F010,2025-10-05,0.438
F010,2025-10-06,0.505
F010,2025-10-07,0.465
F010,2025-10-08,0.432
F010,2025-10-09,0.476
F010,2025-10-10,0.436
F010,2025-10-11,0.443
F010,2025-10-12,0.455
F010,2025-10-13,0.437
F010,2025-10-14,0.457
F010,2025-10-15,0.467
F010,2025-10-16,0.455
F010,2025-10-17,0.449
F010,2025-10-18,0.498
F010,2025-10-19,0.465
F010,2025-10-20,0.476
F011,2025-09-21,0.542
F011,2025-09-22,0.526
F011,2025-09-23,0.549
F011,2025-09-24,0.572
F011,2025-09-25,0.539
F011,2025-09-26,0.572
F011,2025-09-27,0.55
F011,2025-09-28,0.519
F011,2025-09-29,0.538
F011,2025-09-30,0.558
F011,2025-10-01,0.554
F011,2025-10-02,0.52
F011,2025-10-03,0.564
F011,2025-10-04,0.569
F011,2025-10-05,0.554
F011,2025-10-06,0.554
F011,2025-10-07,0.582
F011,2025-10-08,0.523
F011,2025-10-09,0.524
F011,2025-10-10,0.542
F011,2025-10-11,0.525
F011,2025-10-12,0.555
F011,2025-10-13,0.556
F011,2025-10-14,0.544
F011,2025-10-15,0.565
F011,2025-10-16,0.548
F011,2025-10-17,0.528
F011,2025-10-18,0.55
F011,2025-10-19,0.54
F011,2025-10-20,0.544
F012,2025-09-21,0.479
F012,2025-09-22,0.488
F012,2025-09-23,0.504
F012,2025-09-24,0.507
F012,2025-09-25,0.483
F012,2025-09-26,0.506
F012,2025-09-27,0.554
F012,2025-09-28,0.516
F012,2025-09-29,0.483
F012,2025-09-30,0.454
F012,2025-10-01,0.516
F012,2025-10-02,0.516
F012,2025-10-03,0.517
F012,2025-10-04,0.499
F012,2025-10-05,0.499
F012,2025-10-06,0.521
F012,2025-10-07,0.495
F012,2025-10-08,0.475
F012,2025-10-09,0.497
F012,2025-10-10,0.474
F012,2025-10-11,0.488
F012,2025-10-12,0.508
F012,2025-10-13,0.478
F012,2025-10-14,0.489
F012,2025-10-15,0.524
F012,2025-10-16,0.51
F012,2025-10-17,0.508
F012,2025-10-18,0.506
F012,2025-10-19,0.487
F012,2025-10-20,0.486
F013,2025-09-21,0.55
F013,2025-09-22,0.549
F013,2025-09-23,0.555
F013,2025-09-24,0.542
F013,2025-09-25,0.579
F013,2025-09-26,0.535
F013,2025-09-27,0.565
F013,2025-09-28,0.552
F013,2025-09-29,0.536
F013,2025-09-30,0.552
F013,2025-10-01,0.564
F013,2025-10-02,0.567
F013,2025-10-03,0.557
F013,2025-10-04,0.568
F013,2025-10-05,0.524
F013,2025-10-06,0.542
F013,2025-10-07,0.527
F013,2025-10-08,0.527
F013,2025-10-09,0.56
F013,2025-10-10,0.517
F013,2025-10-11,0.566
F013,2025-10-12,0.585
F013,2025-10-13,0.562
F013,2025-10-14,0.538
F013,2025-10-15,0.512
F013,2025-10-16,0.539
F013,2025-10-17,0.513
F013,2025-10-18,0.59
F013,2025-10-19,0.53
F013,2025-10-20,0.533
F014,2025-09-21,0.532
F014,2025-09-22,0.493
F014,2025-09-23,0.515
F014,2025-09-24,0.508
F014,2025-09-25,0.495
F014,2025-09-26,0.49
F014,2025-09-27,0.476
F014,2025-09-28,0.514
F014,2025-09-29,0.494
F014,2025-09-30,0.515
F014,2025-10-01,0.489
F014,2025-10-02,0.513
F014,2025-10-03,0.515
F014,2025-10-04,0.511
F014,2025-10-05,0.486
F014,2025-10-06,0.521
F014,2025-10-07,0.508
F014,2025-10-08,0.487
F014,2025-10-09,0.511
F014,2025-10-10,0.539
F014,2025-10-11,0.481
F014,2025-10-12,0.489
F014,2025-10-13,0.506
F014,2025-10-14,0.49
F014,2025-10-15,0.487
F014,2025-10-16,0.495
F014,2025-10-17,0.458
F014,2025-10-18,0.493
F014,2025-10-19,0.492
F014,2025-10-20,0.494
F015,2025-09-21,0.494
F015,2025-09-22,0.49
F015,2025-09-23,0.485
F015,2025-09-24,0.507
F015,2025-09-25,0.493
F015,2025-09-26,0.498
F015,2025-09-27,0.526
F015,2025-09-28,0.501
F015,2025-09-29,0.499
F015,2025-09-30,0.499
F015,2025-10-01,0.48
F015,2025-10-02,0.516
F015,2025-10-03,0.488
F015,2025-10-04,0.513
F015,2025-10-05,0.482
F015,2025-10-06,0.484
F015,2025-10-07,0.513
F015,2025-10-08,0.527
F015,2025-10-09,0.497
F015,2025-10-10,0.477
F015,2025-10-11,0.531
F015,2025-10-12,0.474
F015,2025-10-13,0.494
F015,2025-10-14,0.471
F015,2025-10-15,0.51
F015,2025-10-16,0.478
F015,2025-10-17,0.528
F015,2025-10-18,0.518
F015,2025-10-19,0.494
F015,2025-10-20,0.469
F016,2025-09-21,0.443
F016,2025-09-22,0.449
F016,2025-09-23,0.476
F016,2025-09-24,0.462
F016,2025-09-25,0.457
F016,2025-09-26,0.425
F016,2025-09-27,0.46
F016,2025-09-28,0.448
F016,2025-09-29,0.486
F016,2025-09-30,0.475
F016,2025-10-01,0.456
F016,2025-10-02,0.408
F016,2025-10-03,0.443
F016,2025-10-04,0.447
F016,2025-10-05,0.464
F016,2025-10-06,0.467
F016,2025-10-07,0.487
F016,2025-10-08,0.453
F016,2025-10-09,0.442
F016,2025-10-10,0.446
F016,2025-10-11,0.445
F016,2025-10-12,0.386
F016,2025-10-13,0.466
F016,2025-10-14,0.443
F016,2025-10-15,0.412
F016,2025-10-16,0.468
F016,2025-10-17,0.441
F016,2025-10-18,0.449
F016,2025-10-19,0.411
F016,2025-10-20,0.448
F017,2025-09-21,0.57
F017,2025-09-22,0.535
F017,2025-09-23,0.558
F017,2025-09-24,0.537
F017,2025-09-25,0.531
F017,2025-09-26,0.528
F017,2025-09-27,0.536
F017,2025-09-28,0.585
F017,2025-09-29,0.563
F017,2025-09-30,0.53
F017,2025-10-01,0.537
F017,2025-10-02,0.571
F017,2025-10-03,0.55
F017,2025-10-04,0.547
F017,2025-10-05,0.534
F017,2025-10-06,0.505
F017,2025-10-07,0.544
F017,2025-10-08,0.554
F017,2025-10-09,0.542
F017,2025-10-10,0.546
F017,2025-10-11,0.53
F017,2025-10-12,0.535
F017,2025-10-13,0.533
F017,2025-10-14,0.568
F017,2025-10-15,0.571
F017,2025-10-16,0.56
F017,2025-10-17,0.556
F017,2025-10-18,0.53
F017,2025-10-19,0.564
F017,2025-10-20,0.53
F018,2025-09-21,0.445
F018,2025-09-22,0.451
F018,2025-09-23,0.401
F018,2025-09-24,0.461
F018,2025-09-25,0.445
F018,2025-09-26,0.46
F018,2025-09-27,0.453
F018,2025-09-28,0.459
F018,2025-09-29,0.417
F018,2025-09-30,0.433
F018,2025-10-01,0.471
F018,2025-10-02,0.434
F018,2025-10-03,0.409
F018,2025-10-04,0.472
F018,2025-10-05,0.443
F018,2025-10-06,0.44
F018,2025-10-07,0.435
F018,2025-10-08,0.487
F018,2025-10-09,0.46
F018,2025-10-10,0.43
F018,2025-10-11,0.439
F018,2025-10-12,0.454
F018,2025-10-13,0.479
F018,2025-10-14,0.458
F018,2025-10-15,0.451
F018,2025-10-16,0.446
F018,2025-10-17,0.451
F018,2025-10-18,0.467
F018,2025-10-19,0.404
F018,2025-10-20,0.466
F019,2025-09-21,0.417
F019,2025-09-22,0.475
F019,2025-09-23,0.443
F019,2025-09-24,0.429
F019,2025-09-25,0.461
F019,2025-09-26,0.447
F019,2025-09-27,0.438
F019,2025-09-28,0.429
F019,2025-09-29,0.443
F019,2025-09-30,0.467
F019,2025-10-01,0.43
F019,2025-10-02,0.46
F019,2025-10-03,0.433
F019,2025-10-04,0.442
F019,2025-10-05,0.41
F019,2025-10-06,0.453
F019,2025-10-07,0.434
F019,2025-10-08,0.483
F019,2025-10-09,0.417
F019,2025-10-10,0.466
F019,2025-10-11,0.426
F019,2025-10-12,0.475
F019,2025-10-13,0.451
F019,2025-10-14,0.463
F019,2025-10-15,0.472
F019,2025-10-16,0.423
F019,2025-10-17,0.419
F019,2025-10-18,0.447
F019,2025-10-19,0.449
F019,2025-10-20,0.434
F020,2025-09-21,0.564
F020,2025-09-22,0.561
F020,2025-09-23,0.553
F020,2025-09-24,0.508
F020,2025-09-25,0.551
F020,2025-09-26,0.556
F020,2025-09-27,0.557
F020,2025-09-28,0.562
F020,2025-09-29,0.541
F020,2025-09-30,0.567
F020,2025-10-01,0.543
F020,2025-10-02,0.547
F020,2025-10-03,0.571
F020,2025-10-04,0.575
F020,2025-10-05,0.586
F020,2025-10-06,0.547
F020,2025-10-07,0.556
F020,2025-10-08,0.571
F020,2025-10-09,0.562
F020,2025-10-10,0.546
F020,2025-10-11,0.554
F020,2025-10-12,0.533
F020,2025-10-13,0.535
F020,2025-10-14,0.551
F020,2025-10-15,0.525
F020,2025-10-16,0.547
F020,2025-10-17,0.554
F020,2025-10-18,0.517
F020,2025-10-19,0.56
F020,2025-10-20,0.526
F021,2025-09-21,0.653
F021,2025-09-22,0.629
F021,2025-09-23,0.621
F021,2025-09-24,0.641
F021,2025-09-25,0.611
F021,2025-09-26,0.651
F021,2025-09-27,0.65
F021,2025-09-28,0.617
F021,2025-09-29,0.676
F021,2025-09-30,0.64
F021,2025-10-01,0.64
F021,2025-10-02,0.634
F021,2025-10-03,0.659
F021,2025-10-04,0.644
F021,2025-10-05,0.648
F021,2025-10-06,0.629
F021,2025-10-07,0.639
F021,2025-10-08,0.656
F021,2025-10-09,0.676
F021,2025-10-10,0.654
F021,2025-10-11,0.643
F021,2025-10-12,0.632
F021,2025-10-13,0.618
F021,2025-10-14,0.633
F021,2025-10-15,0.611
F021,2025-10-16,0.676
F021,2025-10-17,0.652
F021,2025-10-18,0.648
F021,2025-10-19,0.648
F021,2025-10-20,0.647
F022,2025-09-21,0.62
F022,2025-09-22,0.688
F022,2025-09-23,0.7
F022,2025-09-24,0.662
F022,2025-09-25,0.642
F022,2025-09-26,0.672
F022,2025-09-27,0.636
F022,2025-09-28,0.621
F022,2025-09-29,0.661
F022,2025-09-30,0.664
F022,2025-10-01,0.653
F022,2025-10-02,0.631
F022,2025-10-03,0.642
F022,2025-10-04,0.631
F022,2025-10-05,0.654
F022,2025-10-06,0.65
F022,2025-10-07,0.638
F022,2025-10-08,0.62
F022,2025-10-09,0.649
F022,2025-10-10,0.665
F022,2025-10-11,0.614
F022,2025-10-12,0.672
F022,2025-10-13,0.659
F022,2025-10-14,0.639
F022,2025-10-15,0.643
F022,2025-10-16,0.677
F022,2025-10-17,0.642
F022,2025-10-18,0.643
F022,2025-10-19,0.641
F022,2025-10-20,0.652
F023,2025-09-21,0.446
F023,2025-09-22,0.45
F023,2025-09-23,0.472
F023,2025-09-24,0.423
F023,2025-09-25,0.442
F023,2025-09-26,0.428
F023,2025-09-27,0.465
F023,2025-09-28,0.413
F023,2025-09-29,0.467
F023,2025-09-30,0.472
F023,2025-10-01,0.462
F023,2025-10-02,0.453
F023,2025-10-03,0.461
F023,2025-10-04,0.47
F023,2025-10-05,0.454
F023,2025-10-06,0.462
F023,2025-10-07,0.45
F023,2025-10-08,0.437
F023,2025-10-09,0.462
F023,2025-10-10,0.477
F023,2025-10-11,0.462
F023,2025-10-12,0.467
F023,2025-10-13,0.46
F023,2025-10-14,0.441
F023,2025-10-15,0.44
F023,2025-10-16,0.426
F023,2025-10-17,0.433
F023,2025-10-18,0.447
F023,2025-10-19,0.447
F023,2025-10-20,0.439
F024,2025-09-21,0.532
F024,2025-09-22,0.51
F024,2025-09-23,0.517
F024,2025-09-24,0.468
F024,2025-09-25,0.504
F024,2025-09-26,0.498
F024,2025-09-27,0.505
F024,2025-09-28,0.48
F024,2025-09-29,0.49
F024,2025-09-30,0.515
F024,2025-10-01,0.492
F024,2025-10-02,0.504
F024,2025-10-03,0.482
F024,2025-10-04,0.469
F024,2025-10-05,0.498
F024,2025-10-06,0.492
F024,2025-10-07,0.492
F024,2025-10-08,0.526
F024,2025-10-09,0.502
F024,2025-10-10,0.523
F024,2025-10-11,0.503
F024,2025-10-12,0.498
F024,2025-10-13,0.52
F024,2025-10-14,0.512
F024,2025-10-15,0.497
F024,2025-10-16,0.527
F024,2025-10-17,0.524
F024,2025-10-18,0.496
F024,2025-10-19,0.486
F024,2025-10-20,0.531
F025,2025-09-21,0.443
F025,2025-09-22,0.472
F025,2025-09-23,0.473
F025,2025-09-24,0.456
F025,2025-09-25,0.456
F025,2025-09-26,0.472
F025,2025-09-27,0.458
F025,2025-09-28,0.469
F025,2025-09-29,0.45
F025,2025-09-30,0.458
F025,2025-10-01,0.437
F025,2025-10-02,0.446
F025,2025-10-03,0.437
F025,2025-10-04,0.431
F025,2025-10-05,0.463
F025,2025-10-06,0.424
F025,2025-10-07,0.443
F025,2025-10-08,0.432
F025,2025-10-09,0.417
F025,2025-10-10,0.48
F025,2025-10-11,0.437
F025,2025-10-12,0.416
F025,2025-10-13,0.483
F025,2025-10-14,0.407
F025,2025-10-15,0.446
F025,2025-10-16,0.445
F025,2025-10-17,0.425
F025,2025-10-18,0.453
F025,2025-10-19,0.451
F025,2025-10-20,0.434
F026,2025-09-21,0.479
F026,2025-09-22,0.432
F026,2025-09-23,0.439
F026,2025-09-24,0.451
F026,2025-09-25,0.455
F026,2025-09-26,0.443
F026,2025-09-27,0.454
F026,2025-09-28,0.442
F026,2025-09-29,0.437
F026,2025-09-30,0.466
F026,2025-10-01,0.468
F026,2025-10-02,0.443
F026,2025-10-03,0.441
F026,2025-10-04,0.455
F026,2025-10-05,0.482
F026,2025-10-06,0.457
F026,2025-10-07,0.471
F026,2025-10-08,0.445
F026,2025-10-09,0.419
F026,2025-10-10,0.475
F026,2025-10-11,0.459
F026,2025-10-12,0.435
F026,2025-10-13,0.443
F026,2025-10-14,0.469
F026,2025-10-15,0.451
F026,2025-10-16,0.47
F026,2025-10-17,0.43
F026,2025-10-18,0.417
F026,2025-10-19,0.46
F026,2025-10-20,0.464
F027,2025-09-21,0.451
F027,2025-09-22,0.448
F027,2025-09-23,0.451
F027,2025-09-24,0.448
F027,2025-09-25,0.464
F027,2025-09-26,0.462
F027,2025-09-27,0.434
F027,2025-09-28,0.47
F027,2025-09-29,0.451
F027,2025-09-30,0.434
F027,2025-10-01,0.453
F027,2025-10-02,0.459
F027,2025-10-03,0.491
F027,2025-10-04,0.457
F027,2025-10-05,0.454
F027,2025-10-06,0.438
F027,2025-10-07,0.462
F027,2025-10-08,0.457
F027,2025-10-09,0.423
F027,2025-10-10,0.447
F027,2025-10-11,0.469
F027,2025-10-12,0.476
F027,2025-10-13,0.467
F027,2025-10-14,0.441
F027,2025-10-15,0.449
F027,2025-10-16,0.449
F027,2025-10-17,0.411
F027,2025-10-18,0.455
F027,2025-10-19,0.428
F027,2025-10-20,0.468
F028,2025-09-21,0.672
F028,2025-09-22,0.645
F028,2025-09-23,0.647
F028,2025-09-24,0.63
F028,2025-09-25,0.649
F028,2025-09-26,0.66
F028,2025-09-27,0.656
F028,2025-09-28,0.628
F028,2025-09-29,0.636
F028,2025-09-30,0.624
F028,2025-10-01,0.672
F028,2025-10-02,0.671
F028,2025-10-03,0.663
F028,2025-10-04,0.649
F028,2025-10-05,0.663
F028,2025-10-06,0.64
F028,2025-10-07,0.663
F028,2025-10-08,0.653
F028,2025-10-09,0.649
F028,2025-10-10,0.647
F028,2025-10-11,0.646
F028,2025-10-12,0.66
F028,2025-10-13,0.688
F028,2025-10-14,0.597
F028,2025-10-15,0.639
F028,2025-10-16,0.698
F028,2025-10-17,0.622
F028,2025-10-18,0.674
F028,2025-10-19,0.64
F028,2025-10-20,0.637
F029,2025-09-21,0.595
F029,2025-09-22,0.632
F029,2025-09-23,0.646
F029,2025-09-24,0.643
F029,2025-09-25,0.635
F029,2025-09-26,0.676
F029,2025-09-27,0.653
F029,2025-09-28,0.623
F029,2025-09-29,0.662
F029,2025-09-30,0.63
F029,2025-10-01,0.671
F029,2025-10-02,0.648
F029,2025-10-03,0.654
F029,2025-10-04,0.653
F029,2025-10-05,0.635
F029,2025-10-06,0.647
F029,2025-10-07,0.646
F029,2025-10-08,0.652
F029,2025-10-09,0.634
F029,2025-10-10,0.614
F029,2025-10-11,0.656
F029,2025-10-12,0.632
F029,2025-10-13,0.665
F029,2025-10-14,0.649
F029,2025-10-15,0.683
F029,2025-10-16,0.664
F029,2025-10-17,0.657
F029,2025-10-18,0.645
F029,2025-10-19,0.667
F029,2025-10-20,0.629
F030,2025-09-21,0.658
F030,2025-09-22,0.659
F030,2025-09-23,0.642
F030,2025-09-24,0.592
F030,2025-09-25,0.705
F030,2025-09-26,0.645
F030,2025-09-27,0.645
F030,2025-09-28,0.618
F030,2025-09-29,0.657
F030,2025-09-30,0.664
F030,2025-10-01,0.634
F030,2025-10-02,0.68
F030,2025-10-03,0.644
F030,2025-10-04,0.637
F030,2025-10-05,0.625
F030,2025-10-06,0.66
F030,2025-10-07,0.669
F030,2025-10-08,0.667
F030,2025-10-09,0.627
F030,2025-10-10,0.679
F030,2025-10-11,0.637
F030,2025-10-12,0.621
F030,2025-10-13,0.625
F030,2025-10-14,0.669
F030,2025-10-15,0.659
F030,2025-10-16,0.653
F030,2025-10-17,0.676
F030,2025-10-18,0.662
F030,2025-10-19,0.648
F030,2025-10-20,0.638
F031,2025-09-21,0.448
F031,2025-09-22,0.429
F031,2025-09-23,0.428
F031,2025-09-24,0.434
F031,2025-09-25,0.465
F031,2025-09-26,0.45
F031,2025-09-27,0.439
F031,2025-09-28,0.433
F031,2025-09-29,0.462
F031,2025-09-30,0.439
F031,2025-10-01,0.474
F031,2025-10-02,0.425
F031,2025-10-03,0.455
F031,2025-10-04,0.426
F031,2025-10-05,0.442
F031,2025-10-06,0.463
F031,2025-10-07,0.472
F031,2025-10-08,0.428
F031,2025-10-09,0.456
F031,2025-10-10,0.408
F031,2025-10-11,0.437
F031,2025-10-12,0.444
F031,2025-10-13,0.455
F031,2025-10-14,0.442
F031,2025-10-15,0.411
F031,2025-10-16,0.409
F031,2025-10-17,0.436
F031,2025-10-18,0.445
F031,2025-10-19,0.442
F031,2025-10-20,0.456
F032,2025-09-21,0.495
F032,2025-09-22,0.523
F032,2025-09-23,0.496
F032,2025-09-24,0.496
F032,2025-09-25,0.479
F032,2025-09-26,0.503
F032,2025-09-27,0.512
F032,2025-09-28,0.491
F032,2025-09-29,0.487
F032,2025-09-30,0.482
F032,2025-10-01,0.511
F032,2025-10-02,0.494
F032,2025-10-03,0.51
F032,2025-10-04,0.487
F032,2025-10-05,0.517
F032,2025-10-06,0.494
F032,2025-10-07,0.486
F032,2025-10-08,0.449
F032,2025-10-09,0.503
F032,2025-10-10,0.501
F032,2025-10-11,0.475
F032,2025-10-12,0.517
F032,2025-10-13,0.486
F032,2025-10-14,0.509
F032,2025-10-15,0.483
F032,2025-10-16,0.492
F032,2025-10-17,0.485
F032,2025-10-18,0.486
F032,2025-10-19,0.484
F032,2025-10-20,0.5
F033,2025-09-21,0.654
F033,2025-09-22,0.67
F033,2025-09-23,0.656
F033,2025-09-24,0.657
F033,2025-09-25,0.655
F033,2025-09-26,0.63
F033,2025-09-27,0.606
F033,2025-09-28,0.659
F033,2025-09-29,0.675
F033,2025-09-30,0.638
F033,2025-10-01,0.646
F033,2025-10-02,0.674
F033,2025-10-03,0.623
F033,2025-10-04,0.641
F033,2025-10-05,0.669
F033,2025-10-06,0.654
F033,2025-10-07,0.66
F033,2025-10-08,0.647
F033,2025-10-09,0.645
F033,2025-10-10,0.636
F033,2025-10-11,0.648
F033,2025-10-12,0.631
F033,2025-10-13,0.652
F033,2025-10-14,0.656
F033,2025-10-15,0.647
F033,2025-10-16,0.669
F033,2025-10-17,0.698
F033,2025-10-18,0.646
F033,2025-10-19,0.661
F033,2025-10-20,0.686
F034,2025-09-21,0.501
F034,2025-09-22,0.529
F034,2025-09-23,0.56
F034,2025-09-24,0.565
F034,2025-09-25,0.555
F034,2025-09-26,0.594
F034,2025-09-27,0.533
F034,2025-09-28,0.547
F034,2025-09-29,0.55
F034,2025-09-30,0.572
F034,2025-10-01,0.546
F034,2025-10-02,0.526
F034,2025-10-03,0.569
F034,2025-10-04,0.543
F034,2025-10-05,0.553
F034,2025-10-06,0.55
F034,2025-10-07,0.541
F034,2025-10-08,0.562
F034,2025-10-09,0.581
F034,2025-10-10,0.53
F034,2025-10-11,0.515
F034,2025-10-12,0.569
F034,2025-10-13,0.549
F034,2025-10-14,0.522
F034,2025-10-15,0.524
F034,2025-10-16,0.535
F034,2025-10-17,0.564
F034,2025-10-18,0.555
F034,2025-10-19,0.551
F034,2025-10-20,0.529
F035,2025-09-21,0.562
F035,2025-09-22,0.55
F035,2025-09-23,0.563
F035,2025-09-24,0.567
F035,2025-09-25,0.559
F035,2025-09-26,0.551
F035,2025-09-27,0.539
F035,2025-09-28,0.561
F035,2025-09-29,0.571
F035,2025-09-30,0.552
F035,2025-10-01,0.526
F035,2025-10-02,0.533
F035,2025-10-03,0.515
F035,2025-10-04,0.608
F035,2025-10-05,0.537
F035,2025-10-06,0.55
F035,2025-10-07,0.578
F035,2025-10-08,0.527
F035,2025-10-09,0.555
F035,2025-10-10,0.586
F035,2025-10-11,0.51
F035,2025-10-12,0.541
F035,2025-10-13,0.522
F035,2025-10-14,0.554
F035,2025-10-15,0.501
F035,2025-10-16,0.538
F035,2025-10-17,0.52
F035,2025-10-18,0.569
F035,2025-10-19,0.547
F035,2025-10-20,0.567
F036,2025-09-21,0.576
F036,2025-09-22,0.532
F036,2025-09-23,0.532
F036,2025-09-24,0.567
F036,2025-09-25,0.55
F036,2025-09-26,0.544
F036,2025-09-27,0.512
F036,2025-09-28,0.551
F036,2025-09-29,0.583
F036,2025-09-30,0.574
F036,2025-10-01,0.546
F036,2025-10-02,0.541
F036,2025-10-03,0.557
F036,2025-10-04,0.574
F036,2025-10-05,0.551
F036,2025-10-06,0.543
F036,2025-10-07,0.542
F036,2025-10-08,0.534
F036,2025-10-09,0.538
F036,2025-10-10,0.537
F036,2025-10-11,0.547
F036,2025-10-12,0.579
F036,2025-10-13,0.522
F036,2025-10-14,0.567
F036,2025-10-15,0.527
F036,2025-10-16,0.544
F036,2025-10-17,0.566
F036,2025-10-18,0.554
F036,2025-10-19,0.557
F036,2025-10-20,0.553
F037,2025-09-21,0.494
F037,2025-09-22,0.511
F037,2025-09-23,0.496
F037,2025-09-24,0.524
F037,2025-09-25,0.507
F037,2025-09-26,0.507
F037,2025-09-27,0.506
F037,2025-09-28,0.492
F037,2025-09-29,0.499
F037,2025-09-30,0.503
F037,2025-10-01,0.533
F037,2025-10-02,0.514
F037,2025-10-03,0.501
F037,2025-10-04,0.508
F037,2025-10-05,0.505
F037,2025-10-06,0.523
F037,2025-10-07,0.49
F037,2025-10-08,0.522
F037,2025-10-09,0.493
F037,2025-10-10,0.517
F037,2025-10-11,0.523
F037,2025-10-12,0.504
F037,2025-10-13,0.505
F037,2025-10-14,0.492
F037,2025-10-15,0.5
F037,2025-10-16,0.513
F037,2025-10-17,0.516
F037,2025-10-18,0.486
F037,2025-10-19,0.521
F037,2025-10-20,0.512
F038,2025-09-21,0.439
F038,2025-09-22,0.43
F038,2025-09-23,0.441
F038,2025-09-24,0.433
F038,2025-09-25,0.446
F038,2025-09-26,0.488
F038,2025-09-27,0.473
F038,2025-09-28,0.449
F038,2025-09-29,0.387
F038,2025-09-30,0.448
F038,2025-10-01,0.454
F038,2025-10-02,0.49
F038,2025-10-03,0.476
F038,2025-10-04,0.423
F038,2025-10-05,0.466
F038,2025-10-06,0.425
F038,2025-10-07,0.457
F038,2025-10-08,0.456
F038,2025-10-09,0.49
F038,2025-10-10,0.47
F038,2025-10-11,0.453
F038,2025-10-12,0.448
F038,2025-10-13,0.411
F038,2025-10-14,0.466
F038,2025-10-15,0.463
F038,2025-10-16,0.437
F038,2025-10-17,0.449
F038,2025-10-18,0.428
F038,2025-10-19,0.453
F038,2025-10-20,0.471
F039,2025-09-21,0.505
F039,2025-09-22,0.563
F039,2025-09-23,0.524
F039,2025-09-24,0.527
F039,2025-09-25,0.536
F039,2025-09-26,0.566
F039,2025-09-27,0.533
F039,2025-09-28,0.565
F039,2025-09-29,0.544
F039,2025-09-30,0.566
F039,2025-10-01,0.547
F039,2025-10-02,0.563
F039,2025-10-03,0.55
F039,2025-10-04,0.54
F039,2025-10-05,0.556
F039,2025-10-06,0.568
F039,2025-10-07,0.515
F039,2025-10-08,0.515
F039,2025-10-09,0.549
F039,2025-10-10,0.531
F039,2025-10-11,0.518
F039,2025-10-12,0.566
F039,2025-10-13,0.538
F039,2025-10-14,0.551
F039,2025-10-15,0.504
F039,2025-10-16,0.541
F039,2025-10-17,0.554
F039,2025-10-18,0.549
F039,2025-10-19,0.54
F039,2025-10-20,0.511
F040,2025-09-21,0.49
F040,2025-09-22,0.484
F040,2025-09-23,0.48
F040,2025-09-24,0.435
F040,2025-09-25,0.469
F040,2025-09-26,0.492
F040,2025-09-27,0.444
F040,2025-09-28,0.393
F040,2025-09-29,0.482
F040,2025-09-30,0.479
F040,2025-10-01,0.416
F040,2025-10-02,0.47
F040,2025-10-03,0.442
F040,2025-10-04,0.45
F040,2025-10-05,0.478
F040,2025-10-06,0.415
F040,2025-10-07,0.474
F040,2025-10-08,0.424
F040,2025-10-09,0.428
F040,2025-10-10,0.431
F040,2025-10-11,0.438
F040,2025-10-12,0.475
F040,2025-10-13,0.439
F040,2025-10-14,0.457
F040,2025-10-15,0.456
F040,2025-10-16,0.442
F040,2025-10-17,0.447
F040,2025-10-18,0.451
F040,2025-10-19,0.497
F040,2025-10-20,0.435
F041,2025-09-21,0.534
F041,2025-09-22,0.551
F041,2025-09-23,0.552
F041,2025-09-24,0.551
F041,2025-09-25,0.572
F041,2025-09-26,0.524
F041,2025-09-27,0.56
F041,2025-09-28,0.58
F041,2025-09-29,0.567
F041,2025-09-30,0.528
F041,2025-10-01,0.535
F041,2025-10-02,0.531
F041,2025-10-03,0.543
F041,2025-10-04,0.524
F041,2025-10-05,0.566
F041,2025-10-06,0.553
F041,2025-10-07,0.551
F041,2025-10-08,0.531
F041,2025-10-09,0.556
F041,2025-10-10,0.556
F041,2025-10-11,0.531
F041,2025-10-12,0.53
F041,2025-10-13,0.527
F041,2025-10-14,0.536
F041,2025-10-15,0.531
F041,2025-10-16,0.512
F041,2025-10-17,0.529
F041,2025-10-18,0.524
F041,2025-10-19,0.55
F041,2025-10-20,0.555
F042,2025-09-21,0.461
F042,2025-09-22,0.492
F042,2025-09-23,0.505
F042,2025-09-24,0.511
F042,2025-09-25,0.526
F042,2025-09-26,0.48
F042,2025-09-27,0.526
F042,2025-09-28,0.523
F042,2025-09-29,0.495
F042,2025-09-30,0.509
F042,2025-10-01,0.491
F042,2025-10-02,0.539
F042,2025-10-03,0.494
F042,2025-10-04,0.498
F042,2025-10-05,0.507
F042,2025-10-06,0.503
F042,2025-10-07,0.507
F042,2025-10-08,0.48
F042,2025-10-09,0.501
F042,2025-10-10,0.496
F042,2025-10-11,0.501
F042,2025-10-12,0.481
F042,2025-10-13,0.509
F042,2025-10-14,0.483
F042,2025-10-15,0.522
F042,2025-10-16,0.503
F042,2025-10-17,0.487
F042,2025-10-18,0.517
F042,2025-10-19,0.505
F042,2025-10-20,0.5
F043,2025-09-21,0.458
F043,2025-09-22,0.457
F043,2025-09-23,0.418
F043,2025-09-24,0.433
F043,2025-09-25,0.473
F043,2025-09-26,0.467
F043,2025-09-27,0.458
F043,2025-09-28,0.452
F043,2025-09-29,0.434
F043,2025-09-30,0.439
F043,2025-10-01,0.479
F043,2025-10-02,0.422
F043,2025-10-03,0.496
F043,2025-10-04,0.478
F043,2025-10-05,0.448
F043,2025-10-06,0.462
F043,2025-10-07,0.463
F043,2025-10-08,0.452
F043,2025-10-09,0.465
F043,2025-10-10,0.46
F043,2025-10-11,0.459
F043,2025-10-12,0.458
F043,2025-10-13,0.439
F043,2025-10-14,0.437
F043,2025-10-15,0.476
F043,2025-10-16,0.444
F043,2025-10-17,0.439
F043,2025-10-18,0.469
F043,2025-10-19,0.447
F043,2025-10-20,0.464
F044,2025-09-21,0.57
F044,2025-09-22,0.536
F044,2025-09-23,0.571
F044,2025-09-24,0.596
F044,2025-09-25,0.554
F044,2025-09-26,0.527
F044,2025-09-27,0.562
F044,2025-09-28,0.585
F044,2025-09-29,0.523
F044,2025-09-30,0.551
F044,2025-10-01,0.574
F044,2025-10-02,0.524
F044,2025-10-03,0.555
F044,2025-10-04,0.558
F044,2025-10-05,0.547
F044,2025-10-06,0.583
F044,2025-10-07,0.555
F044,2025-10-08,0.562
F044,2025-10-09,0.527
F044,2025-10-10,0.543
F044,2025-10-11,0.561
F044,2025-10-12,0.531
F044,2025-10-13,0.546
F044,2025-10-14,0.533
F044,2025-10-15,0.548
F044,2025-10-16,0.546
F044,2025-10-17,0.573
F044,2025-10-18,0.534
F044,2025-10-19,0.587
F044,2025-10-20,0.527
F045,2025-09-21,0.651
F045,2025-09-22,0.607
F045,2025-09-23,0.651
F045,2025-09-24,0.643
F045,2025-09-25,0.635
F045,2025-09-26,0.636
F045,2025-09-27,0.664
F045,2025-09-28,0.62
F045,2025-09-29,0.653
F045,2025-09-30,0.624
F045,2025-10-01,0.673
F045,2025-10-02,0.664
F045,2025-10-03,0.642
F045,2025-10-04,0.695
F045,2025-10-05,0.669
F045,2025-10-06,0.635
F045,2025-10-07,0.658
F045,2025-10-08,0.629
F045,2025-10-09,0.672
F045,2025-10-10,0.649
F045,2025-10-11,0.621
F045,2025-10-12,0.62
F045,2025-10-13,0.639
F045,2025-10-14,0.652
F045,2025-10-15,0.627
F045,2025-10-16,0.693
F045,2025-10-17,0.624
F045,2025-10-18,0.644
F045,2025-10-19,0.677
F045,2025-10-20,0.666
F046,2025-09-21,0.449
F046,2025-09-22,0.434
F046,2025-09-23,0.432
F046,2025-09-24,0.449
F046,2025-09-25,0.489
F046,2025-09-26,0.463
F046,2025-09-27,0.47
F046,2025-09-28,0.46
F046,2025-09-29,0.468
F046,2025-09-30,0.446
F046,2025-10-01,0.445
F046,2025-10-02,0.459
F046,2025-10-03,0.413
F046,2025-10-04,0.468
F046,2025-10-05,0.432
F046,2025-10-06,0.454
F046,2025-10-07,0.452
F046,2025-10-08,0.471
F046,2025-10-09,0.429
F046,2025-10-10,0.433
F046,2025-10-11,0.453
F046,2025-10-12,0.472
F046,2025-10-13,0.434
F046,2025-10-14,0.431
F046,2025-10-15,0.426
F046,2025-10-16,0.444
F046,2025-10-17,0.478
F046,2025-10-18,0.468
F046,2025-10-19,0.451
F046,2025-10-20,0.441
F047,2025-09-21,0.508
F047,2025-09-22,0.476
F047,2025-09-23,0.505
F047,2025-09-24,0.497
F047,2025-09-25,0.51
F047,2025-09-26,0.451
F047,2025-09-27,0.485
F047,2025-09-28,0.507
F047,2025-09-29,0.512
F047,2025-09-30,0.49
F047,2025-10-01,0.512
F047,2025-10-02,0.498
F047,2025-10-03,0.53
F047,2025-10-04,0.459
F047,2025-10-05,0.518
F047,2025-10-06,0.499
F047,2025-10-07,0.514
F047,2025-10-08,0.554
F047,2025-10-09,0.529
F047,2025-10-10,0.519
F047,2025-10-11,0.52
F047,2025-10-12,0.491
F047,2025-10-13,0.487
F047,2025-10-14,0.488
F047,2025-10-15,0.479
F047,2025-10-16,0.506
F047,2025-10-17,0.515
F047,2025-10-18,0.536
F047,2025-10-19,0.498
F047,2025-10-20,0.531
F048,2025-09-21,0.616
F048,2025-09-22,0.625
F048,2025-09-23,0.627
F048,2025-09-24,0.64
F048,2025-09-25,0.67
F048,2025-09-26,0.662
F048,2025-09-27,0.658
F048,2025-09-28,0.609
F048,2025-09-29,0.63
F048,2025-09-30,0.622
F048,2025-10-01,0.654
F048,2025-10-02,0.663
F048,2025-10-03,0.634
F048,2025-10-04,0.643
F048,2025-10-05,0.663
F048,2025-10-06,0.645
F048,2025-10-07,0.654
F048,2025-10-08,0.678
F048,2025-10-09,0.676
F048,2025-10-10,0.636
F048,2025-10-11,0.684
F048,2025-10-12,0.649
F048,2025-10-13,0.615
F048,2025-10-14,0.649
F048,2025-10-15,0.65
F048,2025-10-16,0.659
F048,2025-10-17,0.651
F048,2025-10-18,0.666
F048,2025-10-19,0.64
F048,2025-10-20,0.597
F049,2025-09-21,0.68
F049,2025-09-22,0.624
F049,2025-09-23,0.693
F049,2025-09-24,0.622
F049,2025-09-25,0.655
F049,2025-09-26,0.657
F049,2025-09-27,0.645
F049,2025-09-28,0.644
F049,2025-09-29,0.632
F049,2025-09-30,0.609
F049,2025-10-01,0.613
F049,2025-10-02,0.658
F049,2025-10-03,0.624
F049,2025-10-04,0.641
F049,2025-10-05,0.634
F049,2025-10-06,0.668
F049,2025-10-07,0.625
F049,2025-10-08,0.662
F049,2025-10-09,0.697
F049,2025-10-10,0.618
F049,2025-10-11,0.649
F049,2025-10-12,0.647
F049,2025-10-13,0.679
F049,2025-10-14,0.627
F049,2025-10-15,0.635
F049,2025-10-16,0.643
F049,2025-10-17,0.649
F049,2025-10-18,0.638
F049,2025-10-19,0.686
F049,2025-10-20,0.686
F050,2025-09-21,0.475
F050,2025-09-22,0.49
F050,2025-09-23,0.507
F050,2025-09-24,0.503
F050,2025-09-25,0.519
F050,2025-09-26,0.469
F050,2025-09-27,0.494
F050,2025-09-28,0.475
F050,2025-09-29,0.465
F050,2025-09-30,0.515
F050,2025-10-01,0.51
F050,2025-10-02,0.478
F050,2025-10-03,0.524
F050,2025-10-04,0.477
F050,2025-10-05,0.492
F050,2025-10-06,0.514
F050,2025-10-07,0.529
F050,2025-10-08,0.483
F050,2025-10-09,0.521
F050,2025-10-10,0.521
F050,2025-10-11,0.507
F050,2025-10-12,0.469
F050,2025-10-13,0.536
F050,2025-10-14,0.504
F050,2025-10-15,0.51
F050,2025-10-16,0.515
F050,2025-10-17,0.466
F050,2025-10-18,0.47
F050,2025-10-19,0.481
F050,2025-10-20,0.498
